{
    "web": {
        "client_id": "619042639461-hb7o4872rqkgb70f877iv5a1sc4opn9k.apps.googleusercontent.com",
        "project_id": "gifted-freehold-382214",
        "auth_uri": "https://accounts.google.com/o/oauth2/auth",
        "token_uri": "https://oauth2.googleapis.com/token",
        "auth_provider_x509_cert_url": "https://www.googleapis.com/oauth2/v1/certs",
        "client_secret": "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",
        "redirect_uris": [
            "http://localhost/oauth2callback"
          ]
          
    }
}